1,Devpoint,54157 Morningstar Court,tparysowna0@msu.edu,PK,691-415-8991
2,Zoonder,45 Novick Center,tzemler1@reference.com,RS,132-554-4269
3,Kwilith,2 Schurz Pass,kwellsman2@engadget.com,ID,324-710-0610
4,Jamia,49225 Petterle Hill,mbroz3@twitter.com,SI,159-105-4971
5,Meevee,1 Scofield Court,mjones4@sbwire.com,PL,326-622-8554
6,Twinder,9889 Nancy Point,tnoto5@pen.io,GR,474-579-9076
7,Realbridge,15 Weeping Birch Road,kmarquand6@bing.com,BD,179-999-2234
8,Aimbo,349 Valley Edge Center,apitrelli7@shutterfly.com,RU,974-468-8455
9,Twitterbeat,21909 Glendale Alley,fambresin8@clickbank.net,PL,771-376-3107
10,Vinder,4166 Anniversary Court,sstove9@webs.com,MG,787-906-9618
11,Fivebridge,9997 Dakota Alley,ktilzeya@360.cn,CZ,854-158-5941
12,Buzzbean,2915 Anthes Terrace,cbradlaughb@bigcartel.com,RU,476-771-3638
13,Skiptube,12 American Park,rtinniswoodc@gizmodo.com,PH,221-277-3850
14,Fivespan,79 Bluestem Street,lcleifed@com.com,PL,242-117-1984
15,Eazzy,03 Arizona Point,tgauthorppe@psu.edu,PH,636-241-5181
16,Yata,32976 Bowman Drive,kwatkinsf@jugem.jp,ID,275-345-7822
17,Jabbercube,1 Morningstar Pass,fseldnerg@php.net,BR,343-201-3973
18,Digitube,30 Hanover Court,rtelezhkinh@yellowpages.com,CN,517-379-5308
19,Yabox,1951 Mccormick Park,moeni@virginia.edu,BR,598-717-5284
20,Thoughtblab,66 7th Plaza,dstledgerj@who.int,CO,226-591-5249
21,Avaveo,46 Carberry Drive,jdrewryk@mysql.com,VN,847-853-2996
22,Buzzbean,14627 Katie Crossing,kholmesl@narod.ru,PH,327-974-2545
23,Topicware,42062 Summerview Point,ddominettim@patch.com,CN,118-348-0899
24,Vitz,49195 Hanson Crossing,ojaimen@apple.com,PT,700-954-7073
25,Livetube,64459 Anzinger Place,ptattersfieldo@lulu.com,KP,655-131-0656
26,Jetwire,3300 Clyde Gallagher Lane,nbertlinp@webeden.co.uk,PH,576-207-5070
27,Babbleblab,73 Carberry Circle,nmaliaq@addtoany.com,NG,116-462-0183
28,Twinder,3 Nancy Parkway,gcarleyr@newsvine.com,ID,628-863-0065
29,Topicware,17418 Barnett Hill,fsavorys@ebay.co.uk,KP,488-174-3623
30,Jetwire,87410 Westport Way,sparmleyt@sogou.com,TZ,927-663-7971
31,Digitube,5 Eastlawn Court,aickovu@dagondesign.com,PL,152-533-7573
32,Jabbersphere,2 Golf Course Place,dclevelandv@xinhuanet.com,IE,144-983-9190
33,Chatterbridge,8 Florence Parkway,kcrightonw@opera.com,PH,719-771-8408
34,Gigaclub,87 Packers Avenue,sjevesx@canalblog.com,CN,824-940-9919
35,Twimm,5 Scofield Crossing,snelligany@forbes.com,CZ,748-407-0493
36,Yamia,542 Warrior Trail,jaspellz@jalbum.net,RU,193-375-8345
37,Avaveo,52 Clove Court,bcasper10@surveymonkey.com,AL,193-412-4093
38,Voolia,53230 Eggendart Parkway,wmcart11@prlog.org,HN,610-169-6918
39,Yadel,93 Corben Park,ameany12@simplemachines.org,PH,619-391-0576
40,Linkbuzz,6 Marcy Drive,saffuso13@eventbrite.com,CN,164-255-2257
41,Voonix,56 Parkside Alley,achitty14@stanford.edu,CN,187-133-6632
42,Babbleopia,0 Dwight Court,bskillitt15@amazon.com,CN,344-903-6945
43,Realfire,58760 Warrior Road,jshall16@noaa.gov,MX,725-919-1682
44,Agivu,43 Carpenter Place,tdudliston17@jiathis.com,CN,122-679-4911
45,Fivechat,5 Hovde Street,mhenrichsen18@tripod.com,CN,925-167-7477
46,Dabshots,70 Vernon Alley,aledner19@istockphoto.com,TH,694-973-9649
47,Photobean,03 Esker Crossing,mhalfacree1a@umich.edu,NG,235-673-3559
48,Buzzdog,21 Muir Road,igarrick1b@arizona.edu,ID,392-522-2563
49,Youopia,2 Kim Way,kbutterly1c@smugmug.com,RU,991-876-6025
50,Voonte,0170 Mallory Trail,hcromley1d@tinypic.com,CN,225-373-0361
51,Dabtype,2599 Starling Point,xdouty1e@merriam-webster.com,NG,269-342-9375
52,Topiczoom,0241 Daystar Road,lquemby1f@businesswire.com,ID,418-573-1601
53,Mydo,356 Logan Crossing,zoreagan1g@youku.com,US,484-195-6247
54,Thoughtstorm,27 Calypso Crossing,gkiossel1h@alexa.com,PL,585-367-0952
55,Bubblebox,73175 Buhler Way,acollishaw1i@spotify.com,RU,917-803-0724
56,Edgetag,275 Service Point,fseagood1j@cpanel.net,CN,558-565-7772
57,Browsecat,357 Kenwood Hill,bschroeder1k@cdc.gov,CN,456-497-0091
58,Rhyloo,801 School Park,spinkstone1l@godaddy.com,AE,662-385-1852
59,Zoomcast,554 Golden Leaf Lane,tantoney1m@sciencedirect.com,PE,140-956-8237
60,Bubbletube,2 Clemons Junction,msiddle1n@weibo.com,GT,271-465-3743
61,Trunyx,624 Center Plaza,lgoodlud1o@webs.com,FR,879-572-0163
62,Thoughtworks,89605 Kim Drive,jphilippart1p@nps.gov,PH,631-157-1189
63,Vinte,9533 Westerfield Terrace,ksproston1q@dailymail.co.uk,RU,786-777-5010
64,Flipstorm,63 Paget Circle,zmussard1r@yellowpages.com,CN,925-587-4067
65,Jayo,80144 Anthes Park,kbasezzi1s@weather.com,SE,999-161-5196
66,Livetube,3 Westport Drive,cbruneau1t@marketwatch.com,FR,426-669-3010
67,Realbridge,42491 Summerview Circle,eedeson1u@tinyurl.com,PE,759-999-3990
68,Oyoba,15848 Elka Point,aratledge1v@pbs.org,FR,845-854-8741
69,Dabvine,7 Hallows Terrace,screw1w@macromedia.com,CO,577-603-7156
70,BlogXS,7 Hollow Ridge Avenue,rspeake1x@geocities.com,MX,615-110-0240
71,Thoughtblab,672 Tony Place,phaggerston1y@cnn.com,CI,563-958-6501
72,Trilith,630 Blaine Point,msouttar1z@geocities.com,ID,757-691-5007
73,Fivechat,885 Katie Alley,scregan20@ezinearticles.com,CN,237-310-5070
74,Blogpad,823 Hansons Place,fbartleman21@deliciousdays.com,CN,825-385-1488
75,Browsezoom,138 Holmberg Park,jmaginot22@wsj.com,CN,522-658-2693
76,Pixoboo,4626 Roth Junction,dlewisham23@parallels.com,ID,840-255-9836
77,BlogXS,79705 Carey Park,hsaban24@soundcloud.com,UA,388-152-3862
78,Dabfeed,1 Pierstorff Hill,alubman25@nih.gov,KR,764-613-9469
79,Thoughtworks,420 Everett Park,tmougenel26@themeforest.net,CZ,455-464-2867
80,Demizz,8576 Namekagon Crossing,rdaulton27@nature.com,ID,936-852-2060
81,Yombu,7 Butternut Avenue,rfasse28@un.org,AX,521-760-9940
82,Thoughtstorm,8370 Village Green Plaza,bguilleton29@spiegel.de,BR,500-736-5235
83,Voonder,5292 Onsgard Crossing,rgrzegorzewicz2a@tripod.com,RU,326-224-5729
84,Muxo,2 Fordem Court,festick2b@google.com.au,CI,330-309-1687
85,Edgewire,96 Pleasure Court,mgittose2c@163.com,ID,569-677-6443
86,Gabvine,3633 Bowman Lane,dpeasey2d@technorati.com,PH,339-124-3190
87,Skiptube,34 Steensland Road,gteague2e@zimbio.com,CG,319-212-3692
88,Dabshots,12 Derek Terrace,mwhayman2f@nbcnews.com,UA,865-947-5294
89,Kare,25 Susan Circle,fvandriel2g@altervista.org,RU,919-261-0216
90,Browsebug,24223 Ramsey Terrace,lmaccrann2h@virginia.edu,BF,961-343-2290
91,Brightbean,93 Rieder Plaza,rbichener2i@salon.com,PT,344-899-6523
92,Quimba,61 Badeau Pass,dickowics2j@mtv.com,ID,980-595-6265
93,Jabberstorm,1809 Loomis Pass,aglasscoe2k@etsy.com,DO,283-525-7327
94,Ozu,9187 Shopko Point,amctague2l@apple.com,KR,381-628-2282
95,Jayo,45558 Milwaukee Terrace,dremirez2m@weather.com,CN,567-979-1960
96,Linktype,14 Upham Plaza,mcleef2n@flickr.com,RU,584-749-8714
97,Feedbug,65282 Mallard Terrace,egobel2o@rambler.ru,SD,104-389-2031
98,Youopia,704 Stephen Alley,dbuglass2p@cdc.gov,UZ,253-574-4353
99,Roodel,565 Cascade Center,pstandingford2q@tamu.edu,PH,408-860-6078
100,Vitz,5799 Corben Hill,wdoche2r@wikimedia.org,RS,712-825-4746